cntrycode,numcust,totacctbal
13,18180,136142215.72000012
17,18227,136617798.2400012
18,18414,138165063.77999964
23,18070,135603612.42000043
29,18270,137077904.25000024
30,18487,138824734.41999954
31,18015,135146011.1699995
