n_name,revenue
INDIA,536862587.9994999
CHINA,535350829.9281998
VIETNAM,532269388.7176
JAPAN,526766837.1444002
INDONESIA,523176852.3188998
