n_name,revenue
INDONESIA,55502041.16969999
VIETNAM,55295086.996700026
CHINA,53724494.2566
INDIA,52035512.00020001
JAPAN,45410175.69540001
