n_name,revenue
INDIA,1073276818.9050996
INDONESIA,1069512838.7493
JAPAN,1061195826.9666995
CHINA,1053795668.0893998
VIETNAM,1044090185.8499007
