supp_nation,cust_nation,l_year,revenue
FRANCE,GERMANY,1995,1060896625.0231997
FRANCE,GERMANY,1996,1046317062.9659989
GERMANY,FRANCE,1995,1095174906.1620998
GERMANY,FRANCE,1996,1074859702.375599
