supp_nation,cust_nation,l_year,revenue
FRANCE,GERMANY,1995,521960141.70029974
FRANCE,GERMANY,1996,524796110.3841999
GERMANY,FRANCE,1995,542199700.0546
GERMANY,FRANCE,1996,533640926.2614005
