supp_nation,cust_nation,l_year,revenue
FRANCE,GERMANY,1995,54639732.733600006
FRANCE,GERMANY,1996,54633083.30760001
GERMANY,FRANCE,1995,52531746.669700004
GERMANY,FRANCE,1996,52520549.02240001
