o_year,mkt_share
1995,0.04198807626139703
1996,0.03814455011250898
