o_year,mkt_share
1995,0.03443589040665483
1996,0.041485521293530336
