o_year,mkt_share
1995,0.03882014251433215
1996,0.03948968749183985
